No.,Date/Time
19,13/03/2024 09:23
19,13/03/2024 16:03
26,13/03/2024 09:06
26,13/03/2024 16:05
27,13/03/2024 09:28
29,13/03/2024 09:27
29,13/03/2024 17:15
72,13/03/2024 07:05
72,13/03/2024 22:59
76,13/03/2024 09:17
76,13/03/2024 15:50
78,13/03/2024 08:51
78,13/03/2024 16:16
85,13/03/2024 08:28
85,13/03/2024 16:02
125,13/03/2024 22:45
132,13/03/2024 09:28
132,13/03/2024 16:36
139,13/03/2024 08:52
139,13/03/2024 16:01
167,13/03/2024 09:40
177,13/03/2024 09:21
177,13/03/2024 16:15
245,13/03/2024 07:06
245,13/03/2024 16:09
396,13/03/2024 08:54
396,13/03/2024 16:08
558,13/03/2024 09:31
558,13/03/2024 16:05
620,13/03/2024 08:56
620,13/03/2024 17:48
624,13/03/2024 09:37
624,13/03/2024 17:16
1031,13/03/2024 08:52
1031,13/03/2024 16:26
1137,13/03/2024 09:20
1137,13/03/2024 16:01
1371,13/03/2024 09:28
1371,13/03/2024 16:39
1749,13/03/2024 09:26
1749,13/03/2024 17:15
1975,13/03/2024 09:21
1975,13/03/2024 17:17
2157,13/03/2024 06:59
2157,13/03/2024 16:59
2754,13/03/2024 07:09
2754,13/03/2024 16:09
2928,13/03/2024 09:14
2928,13/03/2024 16:25
3045,13/03/2024 09:26
3045,13/03/2024 16:39
3275,13/03/2024 08:54
3275,13/03/2024 16:14
3447,13/03/2024 07:06
3460,13/03/2024 07:02
3460,13/03/2024 15:04
3694,13/03/2024 09:26
3694,13/03/2024 16:12
4000,13/03/2024 07:01
4000,13/03/2024 15:03
4201,13/03/2024 09:09
4201,13/03/2024 16:04
4248,13/03/2024 09:16
4248,13/03/2024 16:42
4302,13/03/2024 16:25
4340,13/03/2024 07:23
4340,13/03/2024 16:26
4405,13/03/2024 09:35
4405,13/03/2024 12:54
4405,13/03/2024 15:57
4466,13/03/2024 08:59
4528,13/03/2024 09:25
4528,13/03/2024 16:00
4755,13/03/2024 09:23
4755,13/03/2024 17:06
4766,13/03/2024 14:56
4766,13/03/2024 22:46
4797,13/03/2024 07:11
4797,13/03/2024 16:13
4945,13/03/2024 08:34
4963,13/03/2024 09:22
4963,13/03/2024 17:16
4970,13/03/2024 14:49
4970,13/03/2024 22:59
5026,13/03/2024 09:28
5026,13/03/2024 16:25
5045,13/03/2024 09:33
5112,13/03/2024 09:34
5112,13/03/2024 17:56
5134,13/03/2024 07:42
5134,13/03/2024 16:31
5185,13/03/2024 07:32
5185,13/03/2024 16:25
5252,13/03/2024 09:19
5252,13/03/2024 16:02
5268,13/03/2024 07:39
5268,13/03/2024 15:49
5385,13/03/2024 08:44
5385,13/03/2024 16:01
5405,13/03/2024 09:25
5405,13/03/2024 17:17
5495,13/03/2024 09:23
5495,13/03/2024 18:45
5652,13/03/2024 07:37
5652,13/03/2024 15:49
6104,13/03/2024 09:28
6104,13/03/2024 16:03
6118,13/03/2024 09:28
6118,13/03/2024 13:23
6140,13/03/2024 09:26
6140,13/03/2024 16:26
6234,13/03/2024 09:20
6234,13/03/2024 17:20
6245,13/03/2024 08:56
6245,13/03/2024 17:20
6306,13/03/2024 07:51
6306,13/03/2024 17:26
6306,13/03/2024 17:29
6324,13/03/2024 09:21
6358,13/03/2024 09:30
6358,13/03/2024 16:25
6563,13/03/2024 08:32
6576,13/03/2024 07:41
6576,13/03/2024 15:58
6670,13/03/2024 07:29
6670,13/03/2024 16:52
6685,13/03/2024 09:31
6685,13/03/2024 17:17
6686,13/03/2024 09:27
6686,13/03/2024 17:16
6687,13/03/2024 09:18
6687,13/03/2024 16:39
6718,13/03/2024 07:36
